test_name, num_threads, time
tournament, 1, 95339800
atomic, 1, 36817200
sync, 1, 50639700
lock, 1, 105271500
tournament, 2, 140087200
atomic, 2, 22239500
sync, 2, 49229300
lock, 2, 53136500
tournament, 3, 202177100
atomic, 3, 18073000
sync, 3, 48892000
lock, 3, 36874600
tournament, 4, 215717800
atomic, 4, 39790900
sync, 4, 56265100
lock, 4, 41696800
tournament, 5, 465133000
atomic, 5, 56118600
sync, 5, 49478700
lock, 5, 44922900
tournament, 6, 840532700
atomic, 6, 30207200
sync, 6, 54819900
lock, 6, 44956600
tournament, 7, 473104900
atomic, 7, 52372900
sync, 7, 53615800
lock, 7, 44370600
tournament, 8, 770074300
atomic, 8, 49657900
sync, 8, 58448200
lock, 8, 45316200
tournament, 1, 88279900
atomic, 1, 12906800
sync, 1, 32563600
lock, 1, 31833700
tournament, 2, 134154600
atomic, 2, 26041200
sync, 2, 40985100
lock, 2, 54294100
tournament, 3, 231286400
atomic, 3, 27134700
sync, 3, 52790400
lock, 3, 40577500
tournament, 4, 249871100
atomic, 4, 35173300
sync, 4, 56052500
lock, 4, 41641800
tournament, 5, 453635100
atomic, 5, 48597300
sync, 5, 53179100
lock, 5, 40500100
tournament, 6, 502930500
atomic, 6, 49862900
sync, 6, 51084900
lock, 6, 39219100
tournament, 7, 309930800
atomic, 7, 50683900
sync, 7, 58140300
lock, 7, 44298200
tournament, 8, 335092300
atomic, 8, 65245100
sync, 8, 52235200
lock, 8, 44215300
tournament, 1, 38425500
atomic, 1, 11273300
sync, 1, 18040200
lock, 1, 27287000
tournament, 2, 130074200
atomic, 2, 17603400
sync, 2, 43519700
lock, 2, 51227700
tournament, 3, 180198400
atomic, 3, 31999900
sync, 3, 52794000
lock, 3, 43967300
tournament, 4, 232339200
atomic, 4, 58884500
sync, 4, 53779900
lock, 4, 43707500
tournament, 5, 317163800
atomic, 5, 49545300
sync, 5, 56223800
lock, 5, 43286500
tournament, 6, 485514100
atomic, 6, 53549100
sync, 6, 51181900
lock, 6, 44267500
tournament, 7, 379294200
atomic, 7, 54987200
sync, 7, 53603700
lock, 7, 41852900
tournament, 8, 238605500
atomic, 8, 58034300
sync, 8, 52573800
lock, 8, 43241300
tournament, 1, 33721800
atomic, 1, 10935800
sync, 1, 28312900
lock, 1, 26337800
tournament, 2, 103816900
atomic, 2, 39055000
sync, 2, 46549500
lock, 2, 57415800
tournament, 3, 170869200
atomic, 3, 40742800
sync, 3, 52542700
lock, 3, 42517300
tournament, 4, 175664900
atomic, 4, 56322700
sync, 4, 58192700
lock, 4, 51806700
tournament, 5, 286053000
atomic, 5, 52938100
sync, 5, 56684400
lock, 5, 56498000
tournament, 6, 341648300
atomic, 6, 43547300
sync, 6, 53003400
lock, 6, 52605400
tournament, 7, 291442700
atomic, 7, 53415100
sync, 7, 50960800
lock, 7, 55552100
tournament, 8, 732536900
atomic, 8, 61301500
sync, 8, 54978500
lock, 8, 55478700
tournament, 1, 51377000
atomic, 1, 10653900
sync, 1, 32967300
lock, 1, 37033300
tournament, 2, 103437400
atomic, 2, 41050600
sync, 2, 40844800
lock, 2, 59890500
tournament, 3, 183449400
atomic, 3, 33018100
sync, 3, 50731700
lock, 3, 52323500
tournament, 4, 256822400
atomic, 4, 47512500
sync, 4, 52907500
lock, 4, 51260900
tournament, 5, 320919300
atomic, 5, 77825500
sync, 5, 51951100
lock, 5, 52078700
tournament, 6, 245246100
atomic, 6, 61587700
sync, 6, 54438500
lock, 6, 51426400
tournament, 7, 371339500
atomic, 7, 51748100
sync, 7, 53435500
lock, 7, 52218700
tournament, 8, 413202400
atomic, 8, 71228000
sync, 8, 55141700
lock, 8, 51138400
tournament, 1, 30790800
atomic, 1, 10877600
sync, 1, 17743300
lock, 1, 33046800
tournament, 2, 121190900
atomic, 2, 39963500
sync, 2, 37814600
lock, 2, 62806000
tournament, 3, 165516700
atomic, 3, 44952900
sync, 3, 52760100
lock, 3, 51233500
tournament, 4, 196483300
atomic, 4, 33595300
sync, 4, 54611800
lock, 4, 51582300
tournament, 5, 266343400
atomic, 5, 48398600
sync, 5, 48769100
lock, 5, 51551000
tournament, 6, 391382100
atomic, 6, 44153100
sync, 6, 48863200
lock, 6, 71419700
tournament, 7, 480200100
atomic, 7, 22205900
sync, 7, 39166500
lock, 7, 58150200
tournament, 8, 465860900
atomic, 8, 41347800
sync, 8, 48536200
lock, 8, 51193700
tournament, 1, 58072200
atomic, 1, 15467700
sync, 1, 32454800
lock, 1, 44023800
tournament, 2, 101118800
atomic, 2, 29784700
sync, 2, 49388100
lock, 2, 46102300
tournament, 3, 217707500
atomic, 3, 45446000
sync, 3, 53808200
lock, 3, 54202700
tournament, 4, 237632400
atomic, 4, 40772200
sync, 4, 53590000
lock, 4, 51952200
tournament, 5, 381620700
atomic, 5, 40626900
sync, 5, 54992400
lock, 5, 56314900
tournament, 6, 400115700
atomic, 6, 47337200
sync, 6, 51134700
lock, 6, 54378500
tournament, 7, 486269800
atomic, 7, 53732600
sync, 7, 52442400
lock, 7, 52745500
tournament, 8, 749568200
atomic, 8, 50041300
sync, 8, 52525700
lock, 8, 52627500
tournament, 1, 47366100
atomic, 1, 12169300
sync, 1, 28809400
lock, 1, 36006400
tournament, 2, 91927300
atomic, 2, 46090900
sync, 2, 37703000
lock, 2, 63536400
tournament, 3, 194339700
atomic, 3, 48975000
sync, 3, 51421200
lock, 3, 51192100
tournament, 4, 237371300
atomic, 4, 51404600
sync, 4, 54926700
lock, 4, 51180500
tournament, 5, 366755500
atomic, 5, 39336300
sync, 5, 55882700
lock, 5, 51814000
tournament, 6, 620259200
atomic, 6, 49114000
sync, 6, 53856600
lock, 6, 52511200
tournament, 7, 307528100
atomic, 7, 53975800
sync, 7, 62633800
lock, 7, 50811500
tournament, 8, 437996700
atomic, 8, 46415300
sync, 8, 62578200
lock, 8, 56796000
tournament, 1, 57412500
atomic, 1, 14454900
sync, 1, 29943000
lock, 1, 36231700
tournament, 2, 167088400
atomic, 2, 25148800
sync, 2, 41996900
lock, 2, 61995800
tournament, 3, 226208800
atomic, 3, 33651800
sync, 3, 49418700
lock, 3, 51342500
tournament, 4, 287739100
atomic, 4, 23215400
sync, 4, 55620600
lock, 4, 52035500
tournament, 5, 304674600
atomic, 5, 45898000
sync, 5, 54333500
lock, 5, 51458300
tournament, 6, 262641200
atomic, 6, 51225100
sync, 6, 52316400
lock, 6, 52449800
tournament, 7, 773637900
atomic, 7, 55214300
sync, 7, 55333700
lock, 7, 55078800
tournament, 8, 838077200
atomic, 8, 53113700
sync, 8, 57875900
lock, 8, 57234200
tournament, 1, 43060800
atomic, 1, 12485900
sync, 1, 20658300
lock, 1, 36107300
tournament, 2, 106856400
atomic, 2, 16575200
sync, 2, 42621200
lock, 2, 66795600
tournament, 3, 220835900
atomic, 3, 50955900
sync, 3, 53637300
lock, 3, 52800100
tournament, 4, 263367300
atomic, 4, 51511000
sync, 4, 58147100
lock, 4, 53303600
tournament, 5, 539065200
atomic, 5, 22527400
sync, 5, 58463500
lock, 5, 54930300
tournament, 6, 428172900
atomic, 6, 54932700
sync, 6, 54438300
lock, 6, 57356300
tournament, 7, 425175200
atomic, 7, 39623400
sync, 7, 57763500
lock, 7, 54559600
tournament, 8, 954138400
atomic, 8, 43398200
sync, 8, 56400200
lock, 8, 55790900
tournament, 1, 34242700
atomic, 1, 12395300
sync, 1, 31370700
lock, 1, 35483200
tournament, 2, 126723700
atomic, 2, 26891200
sync, 2, 41192500
lock, 2, 62000000
tournament, 3, 175260200
atomic, 3, 16847000
sync, 3, 34130200
lock, 3, 54198500
tournament, 4, 358474300
atomic, 4, 46903800
sync, 4, 56822000
lock, 4, 54457600
tournament, 5, 449338000
atomic, 5, 55420500
sync, 5, 56131000
lock, 5, 55648700
tournament, 6, 910555100
atomic, 6, 39222100
sync, 6, 132198000
lock, 6, 60901500
tournament, 7, 733498800
atomic, 7, 29692600
sync, 7, 58999700
lock, 7, 58259000
tournament, 8, 410361600
atomic, 8, 49920300
sync, 8, 56751300
lock, 8, 55722000
tournament, 1, 59387600
atomic, 1, 13791600
sync, 1, 31221000
lock, 1, 35998400
tournament, 2, 141467100
atomic, 2, 35944600
sync, 2, 43031700
lock, 2, 65062100
tournament, 3, 201568300
atomic, 3, 40868900
sync, 3, 53234600
lock, 3, 53781800
tournament, 4, 330419300
atomic, 4, 50362700
sync, 4, 56414700
lock, 4, 53868700
tournament, 5, 377693500
atomic, 5, 48376900
sync, 5, 58938300
lock, 5, 54571700
tournament, 6, 378417900
atomic, 6, 49664600
sync, 6, 57410100
lock, 6, 53700900
tournament, 7, 695647800
atomic, 7, 60497000
sync, 7, 49860900
lock, 7, 58608000
tournament, 8, 842116100
atomic, 8, 23347500
sync, 8, 41735000
lock, 8, 56618300
tournament, 1, 55796200
atomic, 1, 11423100
sync, 1, 30997400
lock, 1, 35841000
tournament, 2, 129187900
atomic, 2, 26400300
sync, 2, 40979900
lock, 2, 68859600
tournament, 3, 214377000
atomic, 3, 42443400
sync, 3, 49888500
lock, 3, 54915400
tournament, 4, 319475800
atomic, 4, 55100800
sync, 4, 56679800
lock, 4, 53329000
tournament, 5, 388862200
atomic, 5, 57405300
sync, 5, 57249900
lock, 5, 54488100
tournament, 6, 416145000
atomic, 6, 84851100
sync, 6, 54795900
lock, 6, 55450700
tournament, 7, 780494900
atomic, 7, 60064400
sync, 7, 55186900
lock, 7, 55148100
tournament, 8, 457014200
atomic, 8, 53953900
sync, 8, 56106800
lock, 8, 55083400
tournament, 1, 39238700
atomic, 1, 10967200
sync, 1, 17870500
lock, 1, 33777400
tournament, 2, 97713700
atomic, 2, 25616400
sync, 2, 50995700
lock, 2, 63044700
tournament, 3, 167097200
atomic, 3, 44116100
sync, 3, 50496600
lock, 3, 54486600
tournament, 4, 243434700
atomic, 4, 62319000
sync, 4, 58394200
lock, 4, 52342800
tournament, 5, 395568400
atomic, 5, 58004100
sync, 5, 53378000
lock, 5, 52776200
tournament, 6, 273404900
atomic, 6, 70730200
sync, 6, 53539400
lock, 6, 51061200
tournament, 7, 367442100
atomic, 7, 61500000
sync, 7, 53579400
lock, 7, 50959800
tournament, 8, 414502600
atomic, 8, 69144800
sync, 8, 54023700
lock, 8, 51139600
tournament, 1, 35588400
atomic, 1, 10856300
sync, 1, 29216700
lock, 1, 32664900
tournament, 2, 87556900
atomic, 2, 25232700
sync, 2, 38448600
lock, 2, 57980200
tournament, 3, 148545500
atomic, 3, 54473300
sync, 3, 48357700
lock, 3, 54077800
tournament, 4, 154623000
atomic, 4, 90158200
sync, 4, 52011800
lock, 4, 52204300
tournament, 5, 267036500
atomic, 5, 64820600
sync, 5, 50447600
lock, 5, 51064100
tournament, 6, 375303800
atomic, 6, 77454100
sync, 6, 53201500
lock, 6, 50930000
tournament, 7, 346102000
atomic, 7, 78894000
sync, 7, 52659900
lock, 7, 50251800
tournament, 8, 272795400
atomic, 8, 89591100
sync, 8, 53137300
lock, 8, 50948100
tournament, 1, 31297300
atomic, 1, 10632700
sync, 1, 29508400
lock, 1, 32977900
tournament, 2, 141055000
atomic, 2, 48239800
sync, 2, 40136900
lock, 2, 60787300
tournament, 3, 161806300
atomic, 3, 50333700
sync, 3, 53570300
lock, 3, 55813900
tournament, 4, 165319600
atomic, 4, 90573000
sync, 4, 54341400
lock, 4, 52547700
tournament, 5, 309449800
atomic, 5, 56944500
sync, 5, 51601900
lock, 5, 50332300
tournament, 6, 275617900
atomic, 6, 73477400
sync, 6, 51138100
lock, 6, 51776100
tournament, 7, 342727700
atomic, 7, 53391000
sync, 7, 60546100
lock, 7, 50131200
tournament, 8, 367298200
atomic, 8, 84035200
sync, 8, 52932700
lock, 8, 50277100
tournament, 1, 29310000
atomic, 1, 10712300
sync, 1, 17200000
lock, 1, 32608000
tournament, 2, 81645600
atomic, 2, 22049900
sync, 2, 44928300
lock, 2, 61818600
tournament, 3, 163033100
atomic, 3, 42537900
sync, 3, 45390600
lock, 3, 51855900
tournament, 4, 165874600
atomic, 4, 91720900
sync, 4, 53219000
lock, 4, 50848900
tournament, 5, 290732300
atomic, 5, 66184000
sync, 5, 54294400
lock, 5, 52019400
tournament, 6, 316936800
atomic, 6, 54259100
sync, 6, 51282800
lock, 6, 51806100
tournament, 7, 388501300
atomic, 7, 62964100
sync, 7, 53427100
lock, 7, 51437800
tournament, 8, 287696000
atomic, 8, 55715200
sync, 8, 56125000
lock, 8, 50687400
tournament, 1, 30375100
atomic, 1, 10760300
sync, 1, 29519800
lock, 1, 32966900
tournament, 2, 125078900
atomic, 2, 37687700
sync, 2, 43621100
lock, 2, 61963300
tournament, 3, 181732300
atomic, 3, 50793300
sync, 3, 49046600
lock, 3, 52710900
tournament, 4, 187399100
atomic, 4, 67976000
sync, 4, 56921000
lock, 4, 53396500
tournament, 5, 261704300
atomic, 5, 40476100
sync, 5, 52411600
lock, 5, 52636700
tournament, 6, 335974700
atomic, 6, 63248500
sync, 6, 53449100
lock, 6, 52423700
tournament, 7, 407962800
atomic, 7, 47303600
sync, 7, 52252000
lock, 7, 55930100
tournament, 8, 294944100
atomic, 8, 75906700
sync, 8, 51372400
lock, 8, 51427100
tournament, 1, 30673400
atomic, 1, 10850800
sync, 1, 29196900
lock, 1, 32682600
tournament, 2, 124934600
atomic, 2, 45187100
sync, 2, 41213600
lock, 2, 70056700
tournament, 3, 184739200
atomic, 3, 49751200
sync, 3, 46079800
lock, 3, 52821900
tournament, 4, 220376600
atomic, 4, 40423900
sync, 4, 54484800
lock, 4, 53087900
tournament, 5, 328992600
atomic, 5, 33907400
sync, 5, 54695300
lock, 5, 55406000
tournament, 6, 277146600
atomic, 6, 76241600
sync, 6, 52169200
lock, 6, 54494900
tournament, 7, 490152200
atomic, 7, 67246200
sync, 7, 56522800
lock, 7, 55322200
tournament, 8, 488158900
atomic, 8, 84627500
sync, 8, 52821800
lock, 8, 50381000
tournament, 1, 31003400
atomic, 1, 12815200
sync, 1, 30922200
lock, 1, 37661600
tournament, 2, 136845800
atomic, 2, 34915000
sync, 2, 37176100
lock, 2, 62940800
tournament, 3, 194919700
atomic, 3, 37686400
sync, 3, 55748700
lock, 3, 55464200
tournament, 4, 184311300
atomic, 4, 54211600
sync, 4, 51071800
lock, 4, 50552300
tournament, 5, 318042800
atomic, 5, 56641900
sync, 5, 56469200
lock, 5, 53392100
tournament, 6, 439014800
atomic, 6, 78493000
sync, 6, 52676200
lock, 6, 50623900
tournament, 7, 226296600
atomic, 7, 83679000
sync, 7, 52489600
lock, 7, 51493900
tournament, 8, 309737400
atomic, 8, 41995200
sync, 8, 54011600
lock, 8, 54748600
tournament, 1, 50276000
atomic, 1, 12999100
sync, 1, 29420700
lock, 1, 32943200
tournament, 2, 111786000
atomic, 2, 17707600
sync, 2, 40180100
lock, 2, 60882800
tournament, 3, 157508800
atomic, 3, 50340400
sync, 3, 55066800
lock, 3, 55141500
tournament, 4, 227546100
atomic, 4, 74176200
sync, 4, 53209500
lock, 4, 52854100
tournament, 5, 295620000
atomic, 5, 51727400
sync, 5, 55826900
lock, 5, 54239800
tournament, 6, 353322800
atomic, 6, 57680700
sync, 6, 54864300
lock, 6, 53823000
tournament, 7, 311024800
atomic, 7, 72097700
sync, 7, 52910300
lock, 7, 51335900
tournament, 8, 305816300
atomic, 8, 67095300
sync, 8, 50361700
lock, 8, 50626200
tournament, 1, 29888800
atomic, 1, 10785400
sync, 1, 29143200
lock, 1, 32571500
tournament, 2, 92665600
atomic, 2, 43167000
sync, 2, 42043000
lock, 2, 61985800
tournament, 3, 174775900
atomic, 3, 43656000
sync, 3, 47944600
lock, 3, 52162000
tournament, 4, 184387500
atomic, 4, 59077500
sync, 4, 54269100
lock, 4, 50759200
tournament, 5, 254228900
atomic, 5, 69969500
sync, 5, 53368900
lock, 5, 50795900
tournament, 6, 282585800
atomic, 6, 65992000
sync, 6, 52763200
lock, 6, 50763100
tournament, 7, 326883900
atomic, 7, 61255700
sync, 7, 53187700
lock, 7, 50326300
tournament, 8, 451175600
atomic, 8, 83849400
sync, 8, 54832300
lock, 8, 50761100
tournament, 1, 29829200
atomic, 1, 10798900
sync, 1, 17374400
lock, 1, 32887400
tournament, 2, 91999500
atomic, 2, 18021900
sync, 2, 40360100
lock, 2, 58049800
tournament, 3, 176319100
atomic, 3, 52357400
sync, 3, 47909400
lock, 3, 54350200
tournament, 4, 157112900
atomic, 4, 66020900
sync, 4, 54513500
lock, 4, 52247000
tournament, 5, 278190100
atomic, 5, 80055700
sync, 5, 50599300
lock, 5, 50601900
tournament, 6, 384523200
atomic, 6, 74577500
sync, 6, 60187400
lock, 6, 50867200
tournament, 7, 283947400
atomic, 7, 76933000
sync, 7, 59601000
lock, 7, 51171600
tournament, 8, 311921300
atomic, 8, 72766100
sync, 8, 51249300
lock, 8, 52346700
tournament, 1, 31527600
atomic, 1, 10651100
sync, 1, 29351800
lock, 1, 32855800
tournament, 2, 111746600
atomic, 2, 35462300
sync, 2, 36396000
lock, 2, 61319100
tournament, 3, 187795200
atomic, 3, 44653400
sync, 3, 48289300
lock, 3, 55241200
tournament, 4, 176105700
atomic, 4, 48518300
sync, 4, 50548800
lock, 4, 51995000
tournament, 5, 257062200
atomic, 5, 76311800
sync, 5, 53446900
lock, 5, 52674500
tournament, 6, 591013200
atomic, 6, 63115400
sync, 6, 54116300
lock, 6, 51304100
tournament, 7, 558113600
atomic, 7, 70413300
sync, 7, 52166500
lock, 7, 51213800
tournament, 8, 304620700
atomic, 8, 71315600
sync, 8, 52021300
lock, 8, 50433300
tournament, 1, 29762100
atomic, 1, 10924700
sync, 1, 29168100
lock, 1, 33294500
tournament, 2, 114914600
atomic, 2, 17443200
sync, 2, 39210800
lock, 2, 62134600
tournament, 3, 158456900
atomic, 3, 54708300
sync, 3, 49522900
lock, 3, 53217000
tournament, 4, 189392500
atomic, 4, 87496400
sync, 4, 53613500
lock, 4, 50664700
tournament, 5, 322010500
atomic, 5, 61581800
sync, 5, 52044200
lock, 5, 53132100
tournament, 6, 376445000
atomic, 6, 71483200
sync, 6, 52512600
lock, 6, 50483600
tournament, 7, 317685500
atomic, 7, 66512300
sync, 7, 51459800
lock, 7, 50610800
tournament, 8, 417299100
atomic, 8, 71742500
sync, 8, 53744900
lock, 8, 50274900
tournament, 1, 28768400
atomic, 1, 10688400
sync, 1, 17329000
lock, 1, 33414900
tournament, 2, 102339500
atomic, 2, 24876700
sync, 2, 39404200
lock, 2, 64354500
tournament, 3, 180547800
atomic, 3, 43437200
sync, 3, 59227500
lock, 3, 52139600
tournament, 4, 169655600
atomic, 4, 86261500
sync, 4, 60123800
lock, 4, 51683000
tournament, 5, 362587500
atomic, 5, 73590400
sync, 5, 52965300
lock, 5, 50734000
tournament, 6, 390089100
atomic, 6, 71842700
sync, 6, 53824200
lock, 6, 52531000
tournament, 7, 327234300
atomic, 7, 69251600
sync, 7, 55402800
lock, 7, 50047700
tournament, 8, 300521400
atomic, 8, 71374000
sync, 8, 51458300
lock, 8, 50332700
tournament, 1, 28234900
atomic, 1, 11086800
sync, 1, 17579800
lock, 1, 33092300
tournament, 2, 125301000
atomic, 2, 25492300
sync, 2, 41872200
lock, 2, 60081500
tournament, 3, 184982800
atomic, 3, 50460800
sync, 3, 45226900
lock, 3, 56060000
tournament, 4, 171466200
atomic, 4, 65438100
sync, 4, 53651400
lock, 4, 51212800
tournament, 5, 258572600
atomic, 5, 70424100
sync, 5, 53100200
lock, 5, 51708500
tournament, 6, 479415700
atomic, 6, 70516500
sync, 6, 53051700
lock, 6, 50579300
tournament, 7, 596201300
atomic, 7, 64282600
sync, 7, 53800300
lock, 7, 49620800
tournament, 8, 664928500
atomic, 8, 67752800
sync, 8, 51724400
lock, 8, 50131000
tournament, 1, 29459700
atomic, 1, 11471000
sync, 1, 28585900
lock, 1, 33982000
tournament, 2, 85507100
atomic, 2, 15664100
sync, 2, 39705500
lock, 2, 71585700
tournament, 3, 168143800
atomic, 3, 44060000
sync, 3, 48028200
lock, 3, 54086200
tournament, 4, 161463000
atomic, 4, 67474500
sync, 4, 53728400
lock, 4, 51576700
tournament, 5, 274520700
atomic, 5, 68386700
sync, 5, 54165800
lock, 5, 51695200
tournament, 6, 357786200
atomic, 6, 70843400
sync, 6, 53501600
lock, 6, 51850800
tournament, 7, 253375100
atomic, 7, 65304800
sync, 7, 51365900
lock, 7, 51272400
tournament, 8, 328188200
atomic, 8, 70813400
sync, 8, 53486900
lock, 8, 50576300
tournament, 1, 28416500
atomic, 1, 10689100
sync, 1, 29624000
lock, 1, 32659800
tournament, 2, 94932300
atomic, 2, 22981900
sync, 2, 35978300
lock, 2, 59051000
tournament, 3, 175637000
atomic, 3, 35629900
sync, 3, 47766400
lock, 3, 53726400
tournament, 4, 179950900
atomic, 4, 80946900
sync, 4, 51259900
lock, 4, 51419600
tournament, 5, 255710700
atomic, 5, 67994800
sync, 5, 51624300
lock, 5, 51301500
tournament, 6, 268801900
atomic, 6, 78160800
sync, 6, 51396800
lock, 6, 50137300
tournament, 7, 249269100
atomic, 7, 62823500
sync, 7, 55448500
lock, 7, 51870000
tournament, 8, 368325100
atomic, 8, 54763400
sync, 8, 51571800
lock, 8, 50209100
tournament, 1, 30029700
atomic, 1, 10655800
sync, 1, 29074000
lock, 1, 32599500
tournament, 2, 115891000
atomic, 2, 44201100
sync, 2, 43745800
lock, 2, 66467200
tournament, 3, 190998100
atomic, 3, 57253200
sync, 3, 47014900
lock, 3, 52741700
tournament, 4, 191632200
atomic, 4, 58838400
sync, 4, 51726100
lock, 4, 52236100
tournament, 5, 304756700
atomic, 5, 70464800
sync, 5, 53377600
lock, 5, 51125500
tournament, 6, 262983100
atomic, 6, 57685900
sync, 6, 54230000
lock, 6, 50676500
tournament, 7, 236842700
atomic, 7, 64712200
sync, 7, 51031200
lock, 7, 50779200
tournament, 8, 333503000
atomic, 8, 88113200
sync, 8, 52221900
lock, 8, 51173300
tournament, 1, 28931200
atomic, 1, 10763200
sync, 1, 29609000
lock, 1, 33691200
tournament, 2, 103951700
atomic, 2, 36954900
sync, 2, 38406100
lock, 2, 63344500
tournament, 3, 146633900
atomic, 3, 41217200
sync, 3, 48987600
lock, 3, 55344400
tournament, 4, 182247500
atomic, 4, 84570800
sync, 4, 53260400
lock, 4, 51540100
tournament, 5, 240554900
atomic, 5, 84273500
sync, 5, 52276300
lock, 5, 49313800
tournament, 6, 315884600
atomic, 6, 62016600
sync, 6, 53322600
lock, 6, 50249800
tournament, 7, 295716800
atomic, 7, 71146800
sync, 7, 56440400
lock, 7, 50327600
tournament, 8, 327462400
atomic, 8, 76396600
sync, 8, 54649400
lock, 8, 52238000
tournament, 1, 29517300
atomic, 1, 10697400
sync, 1, 29413600
lock, 1, 32969000
tournament, 2, 137499900
atomic, 2, 19071300
sync, 2, 43130500
lock, 2, 67019500
tournament, 3, 176201500
atomic, 3, 54527600
sync, 3, 49155700
lock, 3, 51860400
tournament, 4, 189091500
atomic, 4, 64247600
sync, 4, 55138600
lock, 4, 51453200
tournament, 5, 258246300
atomic, 5, 70171400
sync, 5, 52056400
lock, 5, 51451600
tournament, 6, 300409900
atomic, 6, 65109100
sync, 6, 51585800
lock, 6, 52767800
tournament, 7, 387225700
atomic, 7, 67543400
sync, 7, 51886000
lock, 7, 50769900
tournament, 8, 365289800
atomic, 8, 66590700
sync, 8, 52389700
lock, 8, 51247200
tournament, 1, 30414400
atomic, 1, 10646600
sync, 1, 17794400
lock, 1, 32469800
tournament, 2, 114569000
atomic, 2, 18662000
sync, 2, 42285800
lock, 2, 59090400
tournament, 3, 181653700
atomic, 3, 44418500
sync, 3, 49224700
lock, 3, 52188600
tournament, 4, 154566500
atomic, 4, 50457100
sync, 4, 50999900
lock, 4, 50855100
tournament, 5, 339004400
atomic, 5, 71634100
sync, 5, 54686800
lock, 5, 50773600
tournament, 6, 371782500
atomic, 6, 48096700
sync, 6, 53287200
lock, 6, 52081300
tournament, 7, 255323700
atomic, 7, 76533000
sync, 7, 52829300
lock, 7, 51762700
tournament, 8, 295702800
atomic, 8, 83093900
sync, 8, 54510400
lock, 8, 50379200
tournament, 1, 29082600
atomic, 1, 10733400
sync, 1, 29285600
lock, 1, 32754400
tournament, 2, 133990200
atomic, 2, 33402000
sync, 2, 41235300
lock, 2, 57763500
tournament, 3, 155742900
atomic, 3, 37096400
sync, 3, 46692000
lock, 3, 51918200
tournament, 4, 183841000
atomic, 4, 36595100
sync, 4, 57484600
lock, 4, 50459300
tournament, 5, 266351100
atomic, 5, 62132700
sync, 5, 51217100
lock, 5, 50000000
tournament, 6, 271315400
atomic, 6, 71396000
sync, 6, 52251500
lock, 6, 50734000
tournament, 7, 316856000
atomic, 7, 65738700
sync, 7, 55857900
lock, 7, 50157500
tournament, 8, 419273400
atomic, 8, 68890700
sync, 8, 52486200
lock, 8, 50506800
tournament, 1, 29569700
atomic, 1, 10788500
sync, 1, 29470400
lock, 1, 34171900
tournament, 2, 106244800
atomic, 2, 42074500
sync, 2, 45426800
lock, 2, 58008200
tournament, 3, 193177200
atomic, 3, 53908000
sync, 3, 57133800
lock, 3, 54237500
tournament, 4, 185095200
atomic, 4, 65261000
sync, 4, 53321500
lock, 4, 51023100
tournament, 5, 299037700
atomic, 5, 79168400
sync, 5, 50885200
lock, 5, 50591400
tournament, 6, 314548800
atomic, 6, 70696500
sync, 6, 51633900
lock, 6, 51108600
tournament, 7, 327757100
atomic, 7, 67479900
sync, 7, 53191800
lock, 7, 50562100
tournament, 8, 320699100
atomic, 8, 75069600
sync, 8, 52710500
lock, 8, 51253900
tournament, 1, 27981900
atomic, 1, 10685800
sync, 1, 17193400
lock, 1, 32841900
tournament, 2, 100116700
atomic, 2, 36475100
sync, 2, 42119700
lock, 2, 60282800
tournament, 3, 168532400
atomic, 3, 53146200
sync, 3, 44606900
lock, 3, 53320500
tournament, 4, 172384800
atomic, 4, 78789500
sync, 4, 53643600
lock, 4, 51043500
tournament, 5, 279123100
atomic, 5, 64369600
sync, 5, 55034700
lock, 5, 51986800
tournament, 6, 330405800
atomic, 6, 79658400
sync, 6, 52995500
lock, 6, 50437000
tournament, 7, 248233500
atomic, 7, 57521100
sync, 7, 52872000
lock, 7, 51214300
tournament, 8, 249388600
atomic, 8, 60963500
sync, 8, 53350700
lock, 8, 51749600
tournament, 1, 28936000
atomic, 1, 10953600
sync, 1, 29635600
lock, 1, 32790000
tournament, 2, 130460900
atomic, 2, 38528500
sync, 2, 42924100
lock, 2, 58099000
tournament, 3, 160878400
atomic, 3, 46008900
sync, 3, 48461600
lock, 3, 54443300
tournament, 4, 175643700
atomic, 4, 78892900
sync, 4, 53398400
lock, 4, 54790100
tournament, 5, 255806000
atomic, 5, 80379900
sync, 5, 55825200
lock, 5, 51912100
tournament, 6, 314133300
atomic, 6, 60005400
sync, 6, 51816600
lock, 6, 51355800
tournament, 7, 350246700
atomic, 7, 70983400
sync, 7, 51037500
lock, 7, 52888000
tournament, 8, 273024400
atomic, 8, 80410300
sync, 8, 53036300
lock, 8, 50518600
tournament, 1, 28240000
atomic, 1, 10834300
sync, 1, 17490000
lock, 1, 32737000
tournament, 2, 126530800
atomic, 2, 16840200
sync, 2, 35837300
lock, 2, 66032600
tournament, 3, 194098400
atomic, 3, 28559900
sync, 3, 51815600
lock, 3, 53680300
tournament, 4, 164724000
atomic, 4, 63325100
sync, 4, 51461500
lock, 4, 50976800
tournament, 5, 301817300
atomic, 5, 64012500
sync, 5, 51845300
lock, 5, 51450700
tournament, 6, 307868200
atomic, 6, 67085900
sync, 6, 54122900
lock, 6, 51115600
tournament, 7, 538846300
atomic, 7, 67086900
sync, 7, 52670700
lock, 7, 51678700
tournament, 8, 534096400
atomic, 8, 52972900
sync, 8, 51894000
lock, 8, 49776600
tournament, 1, 28733400
atomic, 1, 10677000
sync, 1, 29192200
lock, 1, 33144300
tournament, 2, 94165000
atomic, 2, 21888000
sync, 2, 42529100
lock, 2, 61168400
tournament, 3, 184362000
atomic, 3, 47545600
sync, 3, 46845100
lock, 3, 54611400
tournament, 4, 168921700
atomic, 4, 62771600
sync, 4, 54874800
lock, 4, 50840100
tournament, 5, 287310100
atomic, 5, 80403900
sync, 5, 51032000
lock, 5, 50983500
tournament, 6, 290634000
atomic, 6, 69384100
sync, 6, 50825900
lock, 6, 51097100
tournament, 7, 368062400
atomic, 7, 69576300
sync, 7, 60853900
lock, 7, 52122300
tournament, 8, 271215700
atomic, 8, 80217700
sync, 8, 58072200
lock, 8, 50601300
tournament, 1, 29454500
atomic, 1, 10860100
sync, 1, 29388900
lock, 1, 33136900
tournament, 2, 110648300
atomic, 2, 43122300
sync, 2, 37399200
lock, 2, 61160700
tournament, 3, 166816900
atomic, 3, 43978400
sync, 3, 49360400
lock, 3, 56454700
tournament, 4, 183021800
atomic, 4, 62864300
sync, 4, 52790100
lock, 4, 50694500
tournament, 5, 325528500
atomic, 5, 62179600
sync, 5, 51302700
lock, 5, 51546300
tournament, 6, 278204300
atomic, 6, 59723300
sync, 6, 52320800
lock, 6, 49768600
tournament, 7, 315532900
atomic, 7, 67869800
sync, 7, 52481900
lock, 7, 50054400
tournament, 8, 320722600
atomic, 8, 93004800
sync, 8, 51641800
lock, 8, 51140700
tournament, 1, 28705200
atomic, 1, 10873300
sync, 1, 17340700
lock, 1, 32837600
tournament, 2, 75516100
atomic, 2, 43396600
sync, 2, 40033500
lock, 2, 60430400
tournament, 3, 196582800
atomic, 3, 49102300
sync, 3, 47815400
lock, 3, 52809000
tournament, 4, 185676300
atomic, 4, 89184700
sync, 4, 50117100
lock, 4, 50492000
tournament, 5, 353197100
atomic, 5, 72730300
sync, 5, 55225100
lock, 5, 50979100
tournament, 6, 382333100
atomic, 6, 73044400
sync, 6, 53102600
lock, 6, 50283200
tournament, 7, 253717000
atomic, 7, 69156200
sync, 7, 54283500
lock, 7, 51528700
tournament, 8, 344793300
atomic, 8, 81446600
sync, 8, 53161600
lock, 8, 51340900
tournament, 1, 29080100
atomic, 1, 10956500
sync, 1, 29542500
lock, 1, 32759900
tournament, 2, 129856600
atomic, 2, 30181200
sync, 2, 40053400
lock, 2, 63645400
tournament, 3, 161089400
atomic, 3, 55663100
sync, 3, 46811900
lock, 3, 53258800
tournament, 4, 183799500
atomic, 4, 86067800
sync, 4, 53321900
lock, 4, 51493400
tournament, 5, 293433500
atomic, 5, 74812700
sync, 5, 53646700
lock, 5, 50142400
tournament, 6, 257514600
atomic, 6, 72041200
sync, 6, 50963400
lock, 6, 50374800
tournament, 7, 308495600
atomic, 7, 71055900
sync, 7, 53020700
lock, 7, 50652000
tournament, 8, 384154500
atomic, 8, 64679400
sync, 8, 52783600
lock, 8, 49950500
tournament, 1, 28218000
atomic, 1, 10640500
sync, 1, 17204500
lock, 1, 32570800
tournament, 2, 79588100
atomic, 2, 15452600
sync, 2, 41539000
lock, 2, 60936500
tournament, 3, 171212500
atomic, 3, 54797800
sync, 3, 46867900
lock, 3, 55445800
tournament, 4, 172856700
atomic, 4, 45498400
sync, 4, 52295400
lock, 4, 51689900
tournament, 5, 302923300
atomic, 5, 57898200
sync, 5, 52469000
lock, 5, 51676400
tournament, 6, 283508300
atomic, 6, 65596400
sync, 6, 53300600
lock, 6, 51152600
tournament, 7, 361938500
atomic, 7, 66646700
sync, 7, 54529500
lock, 7, 51972200
tournament, 8, 523860900
atomic, 8, 81561400
sync, 8, 53318600
lock, 8, 50025500
tournament, 1, 30029000
atomic, 1, 10824300
sync, 1, 29170000
lock, 1, 32499600
tournament, 2, 91363900
atomic, 2, 19303600
sync, 2, 41425200
lock, 2, 58373200
tournament, 3, 180373000
atomic, 3, 48655600
sync, 3, 46415700
lock, 3, 53417600
tournament, 4, 167258800
atomic, 4, 63436200
sync, 4, 52624700
lock, 4, 51398800
tournament, 5, 248076200
atomic, 5, 69549700
sync, 5, 52590100
lock, 5, 51914000
tournament, 6, 325780400
atomic, 6, 73524700
sync, 6, 52717200
lock, 6, 50552900
tournament, 7, 263774100
atomic, 7, 73807700
sync, 7, 52070600
lock, 7, 51858700
tournament, 8, 459786600
atomic, 8, 73536900
sync, 8, 51335700
lock, 8, 50402500
tournament, 1, 28838100
atomic, 1, 10777800
sync, 1, 29514600
lock, 1, 33091300
tournament, 2, 142111000
atomic, 2, 27233800
sync, 2, 39188000
lock, 2, 62625500
tournament, 3, 180051400
atomic, 3, 52723700
sync, 3, 48127400
lock, 3, 55353000
tournament, 4, 193934500
atomic, 4, 60368400
sync, 4, 51254800
lock, 4, 51825500
tournament, 5, 284868300
atomic, 5, 54424700
sync, 5, 53501000
lock, 5, 50702000
tournament, 6, 220916600
atomic, 6, 71165000
sync, 6, 51136100
lock, 6, 51492200
tournament, 7, 333043400
atomic, 7, 67881200
sync, 7, 53762000
lock, 7, 50934800
tournament, 8, 364311500
atomic, 8, 86759600
sync, 8, 50861300
lock, 8, 50095500
tournament, 1, 28534800
atomic, 1, 10671000
sync, 1, 17365000
lock, 1, 33195000
tournament, 2, 125978400
atomic, 2, 36460200
sync, 2, 39543800
lock, 2, 66072400
tournament, 3, 172052000
atomic, 3, 53918700
sync, 3, 46252700
lock, 3, 52729300
tournament, 4, 155505000
atomic, 4, 67890600
sync, 4, 51915300
lock, 4, 51440700
tournament, 5, 264278900
atomic, 5, 77167400
sync, 5, 54638100
lock, 5, 51378200
tournament, 6, 301943700
atomic, 6, 70661500
sync, 6, 54592300
lock, 6, 50963500
tournament, 7, 408038700
atomic, 7, 64033400
sync, 7, 56260700
lock, 7, 51934300
tournament, 8, 359590200
atomic, 8, 64363200
sync, 8, 52330200
lock, 8, 51522100
tournament, 1, 28990900
atomic, 1, 10738800
sync, 1, 29332600
lock, 1, 34211800
tournament, 2, 112628600
atomic, 2, 38788900
sync, 2, 35907000
lock, 2, 61661700
tournament, 3, 142374000
atomic, 3, 45605500
sync, 3, 48521100
lock, 3, 57172000
tournament, 4, 169763200
atomic, 4, 65010300
sync, 4, 51912100
lock, 4, 52713300
tournament, 5, 254028000
atomic, 5, 68445400
sync, 5, 51866200
lock, 5, 52014700
tournament, 6, 227761500
atomic, 6, 50993800
sync, 6, 51591100
lock, 6, 49585200
tournament, 7, 295979000
atomic, 7, 83698600
sync, 7, 53273700
lock, 7, 53777900
tournament, 8, 331334200
atomic, 8, 66235900
sync, 8, 54142200
lock, 8, 50696700
tournament, 1, 29547200
atomic, 1, 10745500
sync, 1, 29246900
lock, 1, 33983500
tournament, 2, 123392400
atomic, 2, 17894300
sync, 2, 38691700
lock, 2, 59028200
tournament, 3, 185696800
atomic, 3, 42700500
sync, 3, 46923200
lock, 3, 52007800
tournament, 4, 183291600
atomic, 4, 74827100
sync, 4, 52903200
lock, 4, 51024500
tournament, 5, 274582400
atomic, 5, 69018500
sync, 5, 54721600
lock, 5, 50075900
tournament, 6, 324343000
atomic, 6, 70386800
sync, 6, 52291400
lock, 6, 51618900
tournament, 7, 286028000
atomic, 7, 57829600
sync, 7, 53608300
lock, 7, 49845400
tournament, 8, 593932700
atomic, 8, 81087700
sync, 8, 51672700
lock, 8, 50687200
tournament, 1, 28347700
atomic, 1, 10750900
sync, 1, 18830700
lock, 1, 32643600
tournament, 2, 117313700
atomic, 2, 46076500
sync, 2, 41180000
lock, 2, 58201400
tournament, 3, 159810000
atomic, 3, 47895100
sync, 3, 45827800
lock, 3, 52078200
tournament, 4, 163562600
atomic, 4, 91036400
sync, 4, 55459500
lock, 4, 50263300
tournament, 5, 255637600
atomic, 5, 57476200
sync, 5, 52925300
lock, 5, 51778600
tournament, 6, 290568000
atomic, 6, 67308100
sync, 6, 53869700
lock, 6, 50200200
tournament, 7, 273423200
atomic, 7, 65406700
sync, 7, 53234900
lock, 7, 51087900
tournament, 8, 263222100
atomic, 8, 51641700
sync, 8, 53801800
lock, 8, 50613200
tournament, 1, 28828800
atomic, 1, 12199700
sync, 1, 29449800
lock, 1, 32885700
tournament, 2, 153857300
atomic, 2, 47445900
sync, 2, 41047800
lock, 2, 58911800
tournament, 3, 205677700
atomic, 3, 48627700
sync, 3, 45748200
lock, 3, 52852700
tournament, 4, 180013700
atomic, 4, 69748100
sync, 4, 53491000
lock, 4, 52478500
tournament, 5, 274236500
atomic, 5, 57292900
sync, 5, 53830800
lock, 5, 50917400
tournament, 6, 291504700
atomic, 6, 61106900
sync, 6, 53023600
lock, 6, 51334100
tournament, 7, 271333100
atomic, 7, 80141400
sync, 7, 52740700
lock, 7, 50393500
tournament, 8, 347833300
atomic, 8, 72969000
sync, 8, 51782900
lock, 8, 51693500
tournament, 1, 31327800
atomic, 1, 11950700
sync, 1, 29431700
lock, 1, 32758000
tournament, 2, 83412100
atomic, 2, 37239000
sync, 2, 46896900
lock, 2, 63046800
tournament, 3, 168332500
atomic, 3, 35308500
sync, 3, 51224800
lock, 3, 53705200
tournament, 4, 156480700
atomic, 4, 71363900
sync, 4, 53395900
lock, 4, 52858600
tournament, 5, 247849300
atomic, 5, 76995200
sync, 5, 54776400
lock, 5, 51129400
tournament, 6, 285593500
atomic, 6, 77077600
sync, 6, 51410600
lock, 6, 50645400
tournament, 7, 383743100
atomic, 7, 69958300
sync, 7, 53833300
lock, 7, 51143900
tournament, 8, 423623500
atomic, 8, 61582100
sync, 8, 51954400
lock, 8, 50647900
tournament, 1, 32298400
atomic, 1, 10818500
sync, 1, 29725700
lock, 1, 33092600
tournament, 2, 127101000
atomic, 2, 31770000
sync, 2, 40919800
lock, 2, 58111000
tournament, 3, 170555100
atomic, 3, 48204500
sync, 3, 47758100
lock, 3, 53350900
tournament, 4, 159289300
atomic, 4, 62604100
sync, 4, 52010400
lock, 4, 51863100
tournament, 5, 316945500
atomic, 5, 58441900
sync, 5, 55360800
lock, 5, 52992200
tournament, 6, 293778400
atomic, 6, 46974500
sync, 6, 52937700
lock, 6, 53543000
tournament, 7, 373331900
atomic, 7, 78764700
sync, 7, 52678400
lock, 7, 53581000
tournament, 8, 252973100
atomic, 8, 52067400
sync, 8, 53157600
lock, 8, 52933500
tournament, 1, 49707200
atomic, 1, 11666200
sync, 1, 29710900
lock, 1, 35573700
tournament, 2, 107874400
atomic, 2, 47117100
sync, 2, 39840500
lock, 2, 62607800
tournament, 3, 148813200
atomic, 3, 46745400
sync, 3, 50194100
lock, 3, 53715700
tournament, 4, 173853600
atomic, 4, 58418500
sync, 4, 63592800
lock, 4, 52907200
tournament, 5, 283685600
atomic, 5, 70885500
sync, 5, 57184100
lock, 5, 52736100
tournament, 6, 275129600
atomic, 6, 40798100
sync, 6, 54685300
lock, 6, 52830200
tournament, 7, 549896800
atomic, 7, 59321300
sync, 7, 56735600
lock, 7, 52533600
tournament, 8, 316135700
atomic, 8, 57843900
sync, 8, 54666800
lock, 8, 53800200
tournament, 1, 33632500
atomic, 1, 10809700
sync, 1, 29096800
lock, 1, 32446500
tournament, 2, 100885200
atomic, 2, 25620200
sync, 2, 36172300
lock, 2, 59292200
tournament, 3, 175334900
atomic, 3, 45494900
sync, 3, 47055400
lock, 3, 51260600
tournament, 4, 169000000
atomic, 4, 72002800
sync, 4, 53296400
lock, 4, 49938000
tournament, 5, 306191900
atomic, 5, 57225100
sync, 5, 53020200
lock, 5, 50941100
tournament, 6, 340459500
atomic, 6, 60788000
sync, 6, 53654800
lock, 6, 50689700
tournament, 7, 472847600
atomic, 7, 71855700
sync, 7, 53181000
lock, 7, 52037800
tournament, 8, 597365100
atomic, 8, 82465100
sync, 8, 51461500
lock, 8, 51475700
tournament, 1, 29523800
atomic, 1, 10979000
sync, 1, 30304700
lock, 1, 32781900
tournament, 2, 117969500
atomic, 2, 24586200
sync, 2, 38110400
lock, 2, 62796700
tournament, 3, 156708800
atomic, 3, 51251200
sync, 3, 46654900
lock, 3, 52846000
tournament, 4, 196792000
atomic, 4, 73153200
sync, 4, 51022600
lock, 4, 50933700
tournament, 5, 283875700
atomic, 5, 80013700
sync, 5, 52161500
lock, 5, 49576100
tournament, 6, 277775100
atomic, 6, 66288100
sync, 6, 52541600
lock, 6, 49695100
tournament, 7, 438896000
atomic, 7, 68142300
sync, 7, 53715700
lock, 7, 50790700
tournament, 8, 249794100
atomic, 8, 71229800
sync, 8, 54745500
lock, 8, 51243800
tournament, 1, 28150700
atomic, 1, 11133800
sync, 1, 17417500
lock, 1, 32785600
tournament, 2, 91463200
atomic, 2, 42418800
sync, 2, 39140300
lock, 2, 61403100
tournament, 3, 177307400
atomic, 3, 43015000
sync, 3, 46423900
lock, 3, 54951200
tournament, 4, 175383900
atomic, 4, 54654800
sync, 4, 56583200
lock, 4, 51104900
tournament, 5, 255966500
atomic, 5, 69538300
sync, 5, 52898200
lock, 5, 52375100
tournament, 6, 298489600
atomic, 6, 69741200
sync, 6, 51063600
lock, 6, 50779400
tournament, 7, 287586900
atomic, 7, 78441700
sync, 7, 52789600
lock, 7, 50202700
tournament, 8, 390835800
atomic, 8, 85699400
sync, 8, 52020400
lock, 8, 50290200
tournament, 1, 28554800
atomic, 1, 10667700
sync, 1, 29076400
lock, 1, 32909300
tournament, 2, 115142600
atomic, 2, 40681500
sync, 2, 39844500
lock, 2, 65290600
tournament, 3, 158920100
atomic, 3, 38099400
sync, 3, 47206000
lock, 3, 52557400
tournament, 4, 155181900
atomic, 4, 87856200
sync, 4, 51195200
lock, 4, 50810500
tournament, 5, 231494800
atomic, 5, 61680900
sync, 5, 51482100
lock, 5, 50276900
tournament, 6, 449344300
atomic, 6, 81272800
sync, 6, 51411300
lock, 6, 50361400
tournament, 7, 300188900
atomic, 7, 70456500
sync, 7, 53472300
lock, 7, 50304900
tournament, 8, 251516100
atomic, 8, 68950000
sync, 8, 53314400
lock, 8, 50418600
tournament, 1, 35217200
atomic, 1, 10893900
sync, 1, 29397000
lock, 1, 32904500
tournament, 2, 127647100
atomic, 2, 46903300
sync, 2, 41047800
lock, 2, 58565700
tournament, 3, 159129900
atomic, 3, 53564200
sync, 3, 45534500
lock, 3, 53440900
tournament, 4, 188593200
atomic, 4, 77421400
sync, 4, 53052100
lock, 4, 50902500
tournament, 5, 263158400
atomic, 5, 65848600
sync, 5, 52965700
lock, 5, 50637500
tournament, 6, 264512100
atomic, 6, 65434500
sync, 6, 51167400
lock, 6, 50914500
tournament, 7, 338351600
atomic, 7, 70520600
sync, 7, 52109200
lock, 7, 50847700
tournament, 8, 462423200
atomic, 8, 84072400
sync, 8, 52329200
lock, 8, 50654700
tournament, 1, 30741700
atomic, 1, 10660300
sync, 1, 18680000
lock, 1, 32971200
tournament, 2, 82000200
atomic, 2, 18121400
sync, 2, 42550800
lock, 2, 57954700
tournament, 3, 173337100
atomic, 3, 38543500
sync, 3, 49871900
lock, 3, 53535900
tournament, 4, 155038100
atomic, 4, 62816500
sync, 4, 54300200
lock, 4, 52360200
tournament, 5, 246113900
atomic, 5, 79552700
sync, 5, 56011200
lock, 5, 50431100
tournament, 6, 317901900
atomic, 6, 62247000
sync, 6, 50485800
lock, 6, 51457200
tournament, 7, 276045400
atomic, 7, 63250900
sync, 7, 54979200
lock, 7, 55085400
tournament, 8, 396058200
atomic, 8, 85181400
sync, 8, 54736600
lock, 8, 52450900
tournament, 1, 31606500
atomic, 1, 10791700
sync, 1, 29362700
lock, 1, 32996700
tournament, 2, 102186100
atomic, 2, 46177600
sync, 2, 42163300
lock, 2, 65287600
tournament, 3, 162743500
atomic, 3, 53165900
sync, 3, 46722100
lock, 3, 55434100
tournament, 4, 182771200
atomic, 4, 67380500
sync, 4, 54177100
lock, 4, 52851900
tournament, 5, 332070100
atomic, 5, 55738600
sync, 5, 55199000
lock, 5, 53964300
tournament, 6, 409475300
atomic, 6, 69305800
sync, 6, 56515600
lock, 6, 51766900
tournament, 7, 286503100
atomic, 7, 63090800
sync, 7, 54540500
lock, 7, 50909900
tournament, 8, 338376700
atomic, 8, 65887000
sync, 8, 53193100
lock, 8, 52999100
tournament, 1, 39866600
atomic, 1, 11786100
sync, 1, 18801800
lock, 1, 32999000
tournament, 2, 135556700
atomic, 2, 35614900
sync, 2, 42240500
lock, 2, 60001200
tournament, 3, 172978500
atomic, 3, 54319600
sync, 3, 55550700
lock, 3, 55225000
tournament, 4, 172631300
atomic, 4, 77064600
sync, 4, 65815700
lock, 4, 54559300
tournament, 5, 327930300
atomic, 5, 81071800
sync, 5, 54586300
lock, 5, 51201300
tournament, 6, 263792900
atomic, 6, 61106300
sync, 6, 53931800
lock, 6, 51121400
tournament, 7, 276650500
atomic, 7, 57562600
sync, 7, 55811000
lock, 7, 51263000
tournament, 8, 447700400
atomic, 8, 67204400
sync, 8, 54473800
lock, 8, 53454700
tournament, 1, 48027700
atomic, 1, 12014900
sync, 1, 19090500
lock, 1, 34140300
tournament, 2, 107685300
atomic, 2, 36027300
sync, 2, 38048500
lock, 2, 70507400
tournament, 3, 161242500
atomic, 3, 48309800
sync, 3, 52054200
lock, 3, 53711700
tournament, 4, 170207300
atomic, 4, 63515800
sync, 4, 54507600
lock, 4, 54317500
tournament, 5, 314384400
atomic, 5, 69791400
sync, 5, 52191600
lock, 5, 53351700
tournament, 6, 293570200
atomic, 6, 50929400
sync, 6, 55188400
lock, 6, 53623400
tournament, 7, 229263500
atomic, 7, 81258800
sync, 7, 53279500
lock, 7, 52879800
tournament, 8, 670174300
atomic, 8, 70226600
sync, 8, 53655100
lock, 8, 50902400
tournament, 1, 29439800
atomic, 1, 10823000
sync, 1, 17333400
lock, 1, 32431100
tournament, 2, 122230500
atomic, 2, 24068700
sync, 2, 37668900
lock, 2, 58653000
tournament, 3, 172287400
atomic, 3, 44794000
sync, 3, 48802800
lock, 3, 53390100
tournament, 4, 165435800
atomic, 4, 64413700
sync, 4, 51000900
lock, 4, 50931600
tournament, 5, 314651000
atomic, 5, 68001800
sync, 5, 51493900
lock, 5, 50081400
tournament, 6, 241290300
atomic, 6, 68516100
sync, 6, 52770600
lock, 6, 49930600
tournament, 7, 275175100
atomic, 7, 70095000
sync, 7, 52922200
lock, 7, 50903600
tournament, 8, 620942200
atomic, 8, 68147600
sync, 8, 52261800
lock, 8, 49843900
tournament, 1, 28923700
atomic, 1, 11719000
sync, 1, 29125800
lock, 1, 32656000
tournament, 2, 102493200
atomic, 2, 15955200
sync, 2, 41728500
lock, 2, 59496400
tournament, 3, 168323400
atomic, 3, 39680600
sync, 3, 49065700
lock, 3, 52259200
tournament, 4, 171289000
atomic, 4, 49156800
sync, 4, 51846200
lock, 4, 51885000
tournament, 5, 278129000
atomic, 5, 68344100
sync, 5, 52930900
lock, 5, 51161500
tournament, 6, 320138900
atomic, 6, 73104500
sync, 6, 52650900
lock, 6, 51361600
tournament, 7, 342608100
atomic, 7, 78597400
sync, 7, 51982700
lock, 7, 50490600
tournament, 8, 437750700
atomic, 8, 69304200
sync, 8, 52748600
lock, 8, 51318200
tournament, 1, 28338800
atomic, 1, 11301400
sync, 1, 29331000
lock, 1, 32522100
tournament, 2, 95427800
atomic, 2, 23017700
sync, 2, 47664000
lock, 2, 61010800
tournament, 3, 164907300
atomic, 3, 52429800
sync, 3, 54960900
lock, 3, 51626600
tournament, 4, 188219900
atomic, 4, 82258000
sync, 4, 52968400
lock, 4, 52053700
tournament, 5, 281026200
atomic, 5, 67977600
sync, 5, 52699700
lock, 5, 50792000
tournament, 6, 367622000
atomic, 6, 78806300
sync, 6, 52235100
lock, 6, 50666700
tournament, 7, 256894800
atomic, 7, 67975100
sync, 7, 53992000
lock, 7, 51287000
tournament, 8, 297290000
atomic, 8, 64470900
sync, 8, 53497600
lock, 8, 51807900
tournament, 1, 32547600
atomic, 1, 10650200
sync, 1, 29609500
lock, 1, 33061500
tournament, 2, 96495400
atomic, 2, 26868300
sync, 2, 42926200
lock, 2, 61090800
tournament, 3, 194223000
atomic, 3, 48800000
sync, 3, 48423000
lock, 3, 55896800
tournament, 4, 172021000
atomic, 4, 66954400
sync, 4, 53417900
lock, 4, 51123900
tournament, 5, 294945200
atomic, 5, 63967200
sync, 5, 56516600
lock, 5, 50586000
tournament, 6, 311523600
atomic, 6, 61529800
sync, 6, 52695800
lock, 6, 51256500
tournament, 7, 335644600
atomic, 7, 74116500
sync, 7, 52220800
lock, 7, 51065000
tournament, 8, 275771800
atomic, 8, 70193100
sync, 8, 53637100
lock, 8, 51073200
tournament, 1, 29170100
atomic, 1, 10638700
sync, 1, 29355300
lock, 1, 34024000
tournament, 2, 111894600
atomic, 2, 25885600
sync, 2, 39292700
lock, 2, 69007700
tournament, 3, 152726200
atomic, 3, 50469800
sync, 3, 45783300
lock, 3, 53148300
tournament, 4, 196438200
atomic, 4, 68722100
sync, 4, 50261700
lock, 4, 51009500
tournament, 5, 274454200
atomic, 5, 69377700
sync, 5, 52128200
lock, 5, 50907700
tournament, 6, 314067300
atomic, 6, 64921200
sync, 6, 54427900
lock, 6, 51002400
tournament, 7, 340600800
atomic, 7, 77050700
sync, 7, 52887800
lock, 7, 51451200
tournament, 8, 276293900
atomic, 8, 79009800
sync, 8, 52393200
lock, 8, 50887600
tournament, 1, 32554100
atomic, 1, 10777200
sync, 1, 18259300
lock, 1, 32635600
tournament, 2, 91159500
atomic, 2, 15399700
sync, 2, 41947700
lock, 2, 64046000
tournament, 3, 161857400
atomic, 3, 50132200
sync, 3, 53233100
lock, 3, 52682000
tournament, 4, 159553200
atomic, 4, 91765400
sync, 4, 51697800
lock, 4, 51326700
tournament, 5, 262435000
atomic, 5, 80299000
sync, 5, 53048300
lock, 5, 49887800
tournament, 6, 325507300
atomic, 6, 67396400
sync, 6, 52295400
lock, 6, 49773700
tournament, 7, 256246700
atomic, 7, 83807700
sync, 7, 51928300
lock, 7, 50530500
tournament, 8, 381298900
atomic, 8, 86425300
sync, 8, 52779600
lock, 8, 50061800
tournament, 1, 30272200
atomic, 1, 10707700
sync, 1, 29113900
lock, 1, 32492100
tournament, 2, 99025400
atomic, 2, 32816300
sync, 2, 40148100
lock, 2, 60719400
tournament, 3, 185542500
atomic, 3, 49076600
sync, 3, 46158200
lock, 3, 54377700
tournament, 4, 178767900
atomic, 4, 57426100
sync, 4, 53287100
lock, 4, 51551700
tournament, 5, 324479100
atomic, 5, 74311700
sync, 5, 51068100
lock, 5, 51412900
tournament, 6, 400108200
atomic, 6, 61960500
sync, 6, 51992700
lock, 6, 51673600
tournament, 7, 293493700
atomic, 7, 58368800
sync, 7, 53188000
lock, 7, 51997700
tournament, 8, 288658300
atomic, 8, 72512400
sync, 8, 57992300
lock, 8, 51152700
tournament, 1, 29082900
atomic, 1, 11132800
sync, 1, 22021200
lock, 1, 33012300
tournament, 2, 96182600
atomic, 2, 15399800
sync, 2, 38941600
lock, 2, 69067000
tournament, 3, 156691800
atomic, 3, 39231900
sync, 3, 48266700
lock, 3, 52394500
tournament, 4, 160348400
atomic, 4, 67722300
sync, 4, 51686600
lock, 4, 51597000
tournament, 5, 271451800
atomic, 5, 57231600
sync, 5, 51319900
lock, 5, 50421700
tournament, 6, 272016800
atomic, 6, 60086900
sync, 6, 51494500
lock, 6, 50229200
tournament, 7, 366331600
atomic, 7, 70559000
sync, 7, 52833800
lock, 7, 51948600
tournament, 8, 383674400
atomic, 8, 75214000
sync, 8, 53212500
lock, 8, 51651500
tournament, 1, 31150100
atomic, 1, 10872200
sync, 1, 29497200
lock, 1, 34888400
tournament, 2, 137923000
atomic, 2, 31142900
sync, 2, 36469000
lock, 2, 61176900
tournament, 3, 172794500
atomic, 3, 55024300
sync, 3, 47661900
lock, 3, 53966100
tournament, 4, 180132100
atomic, 4, 64056500
sync, 4, 51244600
lock, 4, 50824900
tournament, 5, 240789200
atomic, 5, 61187800
sync, 5, 51182600
lock, 5, 51373100
tournament, 6, 367316200
atomic, 6, 73246400
sync, 6, 52618500
lock, 6, 52624900
tournament, 7, 290551900
atomic, 7, 80033000
sync, 7, 51959200
lock, 7, 51337200
tournament, 8, 224601600
atomic, 8, 66308000
sync, 8, 52249700
lock, 8, 51245700
tournament, 1, 30737200
atomic, 1, 10700200
sync, 1, 29133600
lock, 1, 32541600
tournament, 2, 104948000
atomic, 2, 28310800
sync, 2, 39647000
lock, 2, 60077700
tournament, 3, 195939000
atomic, 3, 50663600
sync, 3, 45950900
lock, 3, 54547000
tournament, 4, 196443100
atomic, 4, 68936300
sync, 4, 51197000
lock, 4, 50848400
tournament, 5, 282025100
atomic, 5, 36140600
sync, 5, 51026400
lock, 5, 50190700
tournament, 6, 321462500
atomic, 6, 59509900
sync, 6, 52047000
lock, 6, 51146000
tournament, 7, 294414200
atomic, 7, 54554500
sync, 7, 52001200
lock, 7, 52393500
tournament, 8, 325970900
atomic, 8, 67640000
sync, 8, 52002500
lock, 8, 51222100
tournament, 1, 28592900
atomic, 1, 10801200
sync, 1, 17483500
lock, 1, 33001600
tournament, 2, 115241200
atomic, 2, 38018800
sync, 2, 36308300
lock, 2, 59247400
tournament, 3, 165835100
atomic, 3, 56853400
sync, 3, 44654300
lock, 3, 51037300
tournament, 4, 158413500
atomic, 4, 66135700
sync, 4, 52905200
lock, 4, 53211000
tournament, 5, 305786400
atomic, 5, 77353900
sync, 5, 53435300
lock, 5, 50257900
tournament, 6, 239471500
atomic, 6, 72594700
sync, 6, 52872700
lock, 6, 52705500
tournament, 7, 324419200
atomic, 7, 82304100
sync, 7, 53507500
lock, 7, 51851300
tournament, 8, 351862400
atomic, 8, 61374500
sync, 8, 54471700
lock, 8, 49960400
tournament, 1, 28685000
atomic, 1, 11071000
sync, 1, 29256800
lock, 1, 33509500
tournament, 2, 120309100
atomic, 2, 45228000
sync, 2, 36768500
lock, 2, 60211200
tournament, 3, 204603600
atomic, 3, 43694400
sync, 3, 47609700
lock, 3, 55716500
tournament, 4, 173717300
atomic, 4, 59756100
sync, 4, 52960800
lock, 4, 51724800
tournament, 5, 327648200
atomic, 5, 79052900
sync, 5, 53531300
lock, 5, 50805400
tournament, 6, 326380800
atomic, 6, 67014600
sync, 6, 59545000
lock, 6, 50775300
tournament, 7, 267334100
atomic, 7, 56161400
sync, 7, 52769800
lock, 7, 50288700
tournament, 8, 309065600
atomic, 8, 83759400
sync, 8, 51391400
lock, 8, 50567200
tournament, 1, 28555800
atomic, 1, 10687700
sync, 1, 17231900
lock, 1, 32436300
tournament, 2, 131989800
atomic, 2, 32239400
sync, 2, 39588600
lock, 2, 63472200
tournament, 3, 168370000
atomic, 3, 57652900
sync, 3, 46583800
lock, 3, 53400400
tournament, 4, 163984600
atomic, 4, 66662200
sync, 4, 52216300
lock, 4, 51599800
tournament, 5, 260203000
atomic, 5, 68982700
sync, 5, 52553500
lock, 5, 51391900
tournament, 6, 356434100
atomic, 6, 60739000
sync, 6, 51475900
lock, 6, 49773500
tournament, 7, 304705000
atomic, 7, 71011000
sync, 7, 53181500
lock, 7, 50553200
tournament, 8, 356123900
atomic, 8, 68355800
sync, 8, 53094100
lock, 8, 51815400
tournament, 1, 29360800
atomic, 1, 10735300
sync, 1, 29557000
lock, 1, 33274200
tournament, 2, 133653500
atomic, 2, 33317900
sync, 2, 37233800
lock, 2, 63729700
tournament, 3, 210081200
atomic, 3, 44495400
sync, 3, 49378000
lock, 3, 52470800
tournament, 4, 175093500
atomic, 4, 77394000
sync, 4, 50579400
lock, 4, 51053900
tournament, 5, 272483400
atomic, 5, 72073300
sync, 5, 53554800
lock, 5, 51281400
tournament, 6, 356989300
atomic, 6, 78400600
sync, 6, 52536700
lock, 6, 50260100
tournament, 7, 204562700
atomic, 7, 65381300
sync, 7, 53472600
lock, 7, 50871100
tournament, 8, 248552500
atomic, 8, 65825500
sync, 8, 52435200
lock, 8, 50860300
tournament, 1, 30180400
atomic, 1, 10651100
sync, 1, 29174900
lock, 1, 33213000
tournament, 2, 123024000
atomic, 2, 16197100
sync, 2, 40153800
lock, 2, 55485600
tournament, 3, 155449000
atomic, 3, 32244900
sync, 3, 54297600
lock, 3, 52554100
tournament, 4, 184856600
atomic, 4, 93511600
sync, 4, 62351500
lock, 4, 52522900
tournament, 5, 267890700
atomic, 5, 77006300
sync, 5, 52552900
lock, 5, 50393600
tournament, 6, 297500900
atomic, 6, 70273200
sync, 6, 52680100
lock, 6, 52683100
tournament, 7, 338629700
atomic, 7, 69208400
sync, 7, 52493900
lock, 7, 51191900
tournament, 8, 323939700
atomic, 8, 65886500
sync, 8, 59619300
lock, 8, 53943500
tournament, 1, 28514300
atomic, 1, 10782300
sync, 1, 22132800
lock, 1, 32919500
tournament, 2, 114907700
atomic, 2, 39367300
sync, 2, 41467000
lock, 2, 58630700
tournament, 3, 178739800
atomic, 3, 60580900
sync, 3, 49094700
lock, 3, 54238300
tournament, 4, 172496900
atomic, 4, 62097300
sync, 4, 50097500
lock, 4, 51646000
tournament, 5, 214597900
atomic, 5, 71263000
sync, 5, 51695800
lock, 5, 50737400
tournament, 6, 324946400
atomic, 6, 71007100
sync, 6, 50930600
lock, 6, 51234600
tournament, 7, 300375100
atomic, 7, 66022800
sync, 7, 51765800
lock, 7, 50030100
tournament, 8, 312778900
atomic, 8, 64887400
sync, 8, 51901100
lock, 8, 49865500
tournament, 1, 29010800
atomic, 1, 10707200
sync, 1, 29228900
lock, 1, 32643000
tournament, 2, 85146900
atomic, 2, 25070100
sync, 2, 42795500
lock, 2, 63650100
tournament, 3, 184608000
atomic, 3, 30552100
sync, 3, 44616500
lock, 3, 52046600
tournament, 4, 171797100
atomic, 4, 81450200
sync, 4, 55258800
lock, 4, 51018600
tournament, 5, 326378700
atomic, 5, 71272800
sync, 5, 51788000
lock, 5, 51340500
tournament, 6, 380761500
atomic, 6, 62145200
sync, 6, 54634200
lock, 6, 50951400
tournament, 7, 317584900
atomic, 7, 60234900
sync, 7, 52375500
lock, 7, 51292000
tournament, 8, 325149000
atomic, 8, 74981900
sync, 8, 53553600
lock, 8, 51230000
tournament, 1, 28859000
atomic, 1, 10842500
sync, 1, 17313000
lock, 1, 32473200
tournament, 2, 96070000
atomic, 2, 22570400
sync, 2, 38586400
lock, 2, 57443900
tournament, 3, 167067100
atomic, 3, 47239300
sync, 3, 55391700
lock, 3, 52987700
tournament, 4, 158838100
atomic, 4, 89792600
sync, 4, 62577000
lock, 4, 53092700
tournament, 5, 289163600
atomic, 5, 64177500
sync, 5, 52936300
lock, 5, 50946800
tournament, 6, 282085500
atomic, 6, 72374100
sync, 6, 57624400
lock, 6, 50558300
tournament, 7, 263804400
atomic, 7, 71494200
sync, 7, 59987100
lock, 7, 50228500
tournament, 8, 368865000
atomic, 8, 81300200
sync, 8, 53294900
lock, 8, 50147700
tournament, 1, 28919600
atomic, 1, 10890900
sync, 1, 29787400
lock, 1, 34452500
tournament, 2, 115278000
atomic, 2, 31771500
sync, 2, 40016800
lock, 2, 60964300
tournament, 3, 192120200
atomic, 3, 54177600
sync, 3, 50180800
lock, 3, 52254200
tournament, 4, 166640200
atomic, 4, 80988000
sync, 4, 51588700
lock, 4, 50482200
tournament, 5, 279524300
atomic, 5, 80100300
sync, 5, 53819300
lock, 5, 53261100
tournament, 6, 384595200
atomic, 6, 77183100
sync, 6, 52351100
lock, 6, 50370400
tournament, 7, 365946700
atomic, 7, 77087200
sync, 7, 52127600
lock, 7, 50867900
tournament, 8, 344294000
atomic, 8, 67594000
sync, 8, 52478500
lock, 8, 51589100
tournament, 1, 29008700
atomic, 1, 10652200
sync, 1, 34317100
lock, 1, 33062100
tournament, 2, 97995300
atomic, 2, 23375900
sync, 2, 40523100
lock, 2, 61065600
tournament, 3, 157058400
atomic, 3, 43637800
sync, 3, 47806500
lock, 3, 52453400
tournament, 4, 166722600
atomic, 4, 61051800
sync, 4, 50172500
lock, 4, 51277400
tournament, 5, 274530600
atomic, 5, 53124100
sync, 5, 54719800
lock, 5, 50275200
tournament, 6, 279477000
atomic, 6, 58234700
sync, 6, 53371200
lock, 6, 50390300
tournament, 7, 382023900
atomic, 7, 63097000
sync, 7, 52480100
lock, 7, 53452100
tournament, 8, 346027500
atomic, 8, 59543800
sync, 8, 55661000
lock, 8, 54170800
tournament, 1, 32709100
atomic, 1, 11545300
sync, 1, 30416700
lock, 1, 36956800
tournament, 2, 100402400
atomic, 2, 38154300
sync, 2, 48486700
lock, 2, 61982200
tournament, 3, 169838700
atomic, 3, 32375300
sync, 3, 54662500
lock, 3, 55946900
tournament, 4, 242753800
atomic, 4, 24933500
sync, 4, 35249100
lock, 4, 52199800
tournament, 5, 354706300
atomic, 5, 53172100
sync, 5, 53428800
lock, 5, 52576500
tournament, 6, 257587100
atomic, 6, 79182000
sync, 6, 52739600
lock, 6, 52547700
tournament, 7, 434924700
atomic, 7, 66755700
sync, 7, 54933200
lock, 7, 50850700
tournament, 8, 322315000
atomic, 8, 66194600
sync, 8, 51274200
lock, 8, 49948300
tournament, 1, 28875500
atomic, 1, 10743000
sync, 1, 17353600
lock, 1, 33597400
tournament, 2, 145606800
atomic, 2, 30027500
sync, 2, 37072300
lock, 2, 59740800
tournament, 3, 177197000
atomic, 3, 46938100
sync, 3, 49267500
lock, 3, 52364000
tournament, 4, 177720000
atomic, 4, 65622200
sync, 4, 51338500
lock, 4, 51698900
tournament, 5, 269730200
atomic, 5, 51998400
sync, 5, 53031300
lock, 5, 50538900
tournament, 6, 269762200
atomic, 6, 67934200
sync, 6, 53949100
lock, 6, 51500000
tournament, 7, 230440400
atomic, 7, 75401300
sync, 7, 53580500
lock, 7, 51253000
tournament, 8, 323948300
atomic, 8, 66292900
sync, 8, 53327700
lock, 8, 51295200
tournament, 1, 28205400
atomic, 1, 10679400
sync, 1, 17370600
lock, 1, 32718300
tournament, 2, 107470200
atomic, 2, 27262600
sync, 2, 44173400
lock, 2, 63742500
tournament, 3, 164283400
atomic, 3, 48228100
sync, 3, 46854200
lock, 3, 51246800
tournament, 4, 170225600
atomic, 4, 65669400
sync, 4, 52516700
lock, 4, 51782200
tournament, 5, 287177600
atomic, 5, 79487000
sync, 5, 53372600
lock, 5, 52643200
tournament, 6, 332238300
atomic, 6, 66779700
sync, 6, 52776600
lock, 6, 50904000
tournament, 7, 264549900
atomic, 7, 77520900
sync, 7, 52692400
lock, 7, 51797800
tournament, 8, 299315600
atomic, 8, 83115700
sync, 8, 51847200
lock, 8, 49747100
tournament, 1, 29254200
atomic, 1, 10859400
sync, 1, 29423700
lock, 1, 34381600
tournament, 2, 132719500
atomic, 2, 32617200
sync, 2, 39881800
lock, 2, 56510300
tournament, 3, 198533000
atomic, 3, 45401700
sync, 3, 49588500
lock, 3, 51239800
tournament, 4, 165137700
atomic, 4, 59670800
sync, 4, 50023500
lock, 4, 52167800
tournament, 5, 304807800
atomic, 5, 78649900
sync, 5, 51023800
lock, 5, 50767300
tournament, 6, 418848300
atomic, 6, 73016800
sync, 6, 58968100
lock, 6, 50441300
tournament, 7, 339985300
atomic, 7, 71721200
sync, 7, 51641400
lock, 7, 50430300
tournament, 8, 315342100
atomic, 8, 63041000
sync, 8, 54139800
lock, 8, 50684500
tournament, 1, 28810300
atomic, 1, 10703900
sync, 1, 29128000
lock, 1, 32661800
tournament, 2, 92951900
atomic, 2, 36844200
sync, 2, 39403300
lock, 2, 62530800
tournament, 3, 173678400
atomic, 3, 49259000
sync, 3, 50776100
lock, 3, 59535900
tournament, 4, 177496400
atomic, 4, 61084000
sync, 4, 54801800
lock, 4, 52696700
tournament, 5, 278160200
atomic, 5, 71434800
sync, 5, 51533500
lock, 5, 51257100
tournament, 6, 350898600
atomic, 6, 76019300
sync, 6, 51673300
lock, 6, 51973800
tournament, 7, 374559900
atomic, 7, 67642200
sync, 7, 55183300
lock, 7, 51284900
tournament, 8, 473872600
atomic, 8, 70548300
sync, 8, 51845400
lock, 8, 50634900
tournament, 1, 28525200
atomic, 1, 10902100
sync, 1, 29870300
lock, 1, 33309700
tournament, 2, 90458600
atomic, 2, 32439300
sync, 2, 41526200
lock, 2, 57864200
tournament, 3, 159052300
atomic, 3, 49183000
sync, 3, 48597200
lock, 3, 53159900
tournament, 4, 157725700
atomic, 4, 62057500
sync, 4, 52816100
lock, 4, 51683600
tournament, 5, 240178500
atomic, 5, 69111500
sync, 5, 54246500
lock, 5, 50508400
tournament, 6, 289962400
atomic, 6, 61973600
sync, 6, 55911000
lock, 6, 51226500
tournament, 7, 374179500
atomic, 7, 72380300
sync, 7, 52737900
lock, 7, 50837200
tournament, 8, 293321800
atomic, 8, 82424400
sync, 8, 52434200
lock, 8, 50582400
tournament, 1, 30116000
atomic, 1, 10645000
sync, 1, 29654500
lock, 1, 36994100
tournament, 2, 118134900
atomic, 2, 30102900
sync, 2, 40964800
lock, 2, 64204000
tournament, 3, 156422800
atomic, 3, 43540900
sync, 3, 51499500
lock, 3, 53862200
tournament, 4, 253005700
atomic, 4, 48081800
sync, 4, 55965300
lock, 4, 55745500
tournament, 5, 323064800
atomic, 5, 79136600
sync, 5, 59525100
lock, 5, 51086500
tournament, 6, 232194300
atomic, 6, 53716200
sync, 6, 53302400
lock, 6, 53433600
tournament, 7, 367070700
atomic, 7, 52525300
sync, 7, 46457400
lock, 7, 55281100
tournament, 8, 828101500
atomic, 8, 70753000
sync, 8, 56219600
lock, 8, 52967700
tournament, 1, 39921900
atomic, 1, 10796100
sync, 1, 30277400
lock, 1, 32546600
tournament, 2, 122411500
atomic, 2, 35909700
sync, 2, 37100200
lock, 2, 63502000
tournament, 3, 183693900
atomic, 3, 46219300
sync, 3, 46983700
lock, 3, 52842900
tournament, 4, 164254000
atomic, 4, 57690400
sync, 4, 50894600
lock, 4, 50254600
tournament, 5, 281591400
atomic, 5, 61782500
sync, 5, 52201400
lock, 5, 51069000
tournament, 6, 319890400
atomic, 6, 70631700
sync, 6, 52197400
lock, 6, 50755600
tournament, 7, 326926600
atomic, 7, 76986400
sync, 7, 53760500
lock, 7, 51567600
tournament, 8, 288215600
atomic, 8, 86159100
sync, 8, 52441600
lock, 8, 50306200
tournament, 1, 28813800
atomic, 1, 10602800
sync, 1, 29047800
lock, 1, 32525800
tournament, 2, 112390700
atomic, 2, 40029700
sync, 2, 35998400
lock, 2, 59293200
tournament, 3, 190975700
atomic, 3, 46776900
sync, 3, 45816100
lock, 3, 56138900
tournament, 4, 154582000
atomic, 4, 64551600
sync, 4, 52601500
lock, 4, 51827400
tournament, 5, 282453300
atomic, 5, 72836500
sync, 5, 52466000
lock, 5, 51273500
tournament, 6, 314480400
atomic, 6, 68710600
sync, 6, 54013600
lock, 6, 50840100
tournament, 7, 321023200
atomic, 7, 70749900
sync, 7, 52571600
lock, 7, 50478700
tournament, 8, 317883900
atomic, 8, 59455000
sync, 8, 54769500
lock, 8, 52004300
tournament, 1, 28796600
atomic, 1, 10757400
sync, 1, 17405200
lock, 1, 33263500
tournament, 2, 133796100
atomic, 2, 35196200
sync, 2, 39648400
lock, 2, 62137800
tournament, 3, 187501100
atomic, 3, 52392100
sync, 3, 48039500
lock, 3, 53528300
tournament, 4, 173682800
atomic, 4, 81309100
sync, 4, 53946500
lock, 4, 51875400
tournament, 5, 231614200
atomic, 5, 61605700
sync, 5, 53649500
lock, 5, 50677500
tournament, 6, 260747500
atomic, 6, 68280400
sync, 6, 54292800
lock, 6, 50913100
tournament, 7, 297455900
atomic, 7, 75278500
sync, 7, 52027900
lock, 7, 51632200
tournament, 8, 352155100
atomic, 8, 87239300
sync, 8, 51562200
lock, 8, 50374600
tournament, 1, 30424500
atomic, 1, 10934700
sync, 1, 29093900
lock, 1, 32991000
tournament, 2, 120629100
atomic, 2, 35382500
sync, 2, 40237000
lock, 2, 59265300
tournament, 3, 185768700
atomic, 3, 55721300
sync, 3, 49505700
lock, 3, 55007600
tournament, 4, 168279500
atomic, 4, 63826400
sync, 4, 51456400
lock, 4, 52219200
tournament, 5, 263240400
atomic, 5, 78480300
sync, 5, 54010100
lock, 5, 50757100
tournament, 6, 328007100
atomic, 6, 67461500
sync, 6, 52991200
lock, 6, 51434100
tournament, 7, 399971700
atomic, 7, 81282700
sync, 7, 53906300
lock, 7, 51025200
tournament, 8, 341430800
atomic, 8, 67934800
sync, 8, 52085500
lock, 8, 51112500
tournament, 1, 29801900
atomic, 1, 10991100
sync, 1, 17434400
lock, 1, 32902200
tournament, 2, 109323800
atomic, 2, 47561500
sync, 2, 36067300
lock, 2, 58477700
tournament, 3, 158592800
atomic, 3, 39620000
sync, 3, 47121900
lock, 3, 51713100
tournament, 4, 157521700
atomic, 4, 60900500
sync, 4, 50121600
lock, 4, 51671400
tournament, 5, 290379300
atomic, 5, 80165100
sync, 5, 52831200
lock, 5, 50748400
tournament, 6, 334967300
atomic, 6, 73429700
sync, 6, 52654000
lock, 6, 50888600
tournament, 7, 410026600
atomic, 7, 71635300
sync, 7, 53109600
lock, 7, 50864600
tournament, 8, 363639300
atomic, 8, 90908200
sync, 8, 53144700
lock, 8, 50803100
tournament, 1, 29111400
atomic, 1, 10723600
sync, 1, 17239900
lock, 1, 32413600
tournament, 2, 95185600
atomic, 2, 34386400
sync, 2, 36095100
lock, 2, 56683900
tournament, 3, 187341300
atomic, 3, 48416100
sync, 3, 46269700
lock, 3, 52132300
tournament, 4, 163561500
atomic, 4, 66650300
sync, 4, 51417200
lock, 4, 52933800
tournament, 5, 291977200
atomic, 5, 61395600
sync, 5, 53044700
lock, 5, 51475400
tournament, 6, 321947600
atomic, 6, 59937600
sync, 6, 54103300
lock, 6, 50926800
tournament, 7, 282549200
atomic, 7, 68360700
sync, 7, 54677400
lock, 7, 51122900
tournament, 8, 372003900
atomic, 8, 60140500
sync, 8, 53270300
lock, 8, 51903900
tournament, 1, 28408100
atomic, 1, 10616400
sync, 1, 30187300
lock, 1, 32716200
tournament, 2, 107870500
atomic, 2, 43296600
sync, 2, 36142000
lock, 2, 60695800
tournament, 3, 158338400
atomic, 3, 33558900
sync, 3, 48184300
lock, 3, 51853100
tournament, 4, 177384600
atomic, 4, 88786600
sync, 4, 59344200
lock, 4, 51994800
tournament, 5, 281772600
atomic, 5, 86966800
sync, 5, 61067500
lock, 5, 50767000
tournament, 6, 220010400
atomic, 6, 66929600
sync, 6, 52170100
lock, 6, 51122100
tournament, 7, 468686400
atomic, 7, 71119300
sync, 7, 54419300
lock, 7, 52133900
tournament, 8, 313311900
atomic, 8, 61338300
sync, 8, 51958300
lock, 8, 51958200
tournament, 1, 31052700
atomic, 1, 10672200
sync, 1, 29342600
lock, 1, 33253800
tournament, 2, 110450800
atomic, 2, 28575600
sync, 2, 41280700
lock, 2, 59380400
tournament, 3, 192569900
atomic, 3, 56660400
sync, 3, 48444200
lock, 3, 52523400
tournament, 4, 173477100
atomic, 4, 85499300
sync, 4, 52223000
lock, 4, 51164100
tournament, 5, 269921500
atomic, 5, 63461700
sync, 5, 50588900
lock, 5, 51358000
tournament, 6, 291963900
atomic, 6, 63187100
sync, 6, 52014800
lock, 6, 51323700
tournament, 7, 324666200
atomic, 7, 77953200
sync, 7, 53559200
lock, 7, 51072000
tournament, 8, 355305800
atomic, 8, 82284000
sync, 8, 60699900
lock, 8, 50500900
tournament, 1, 27915800
atomic, 1, 10654900
sync, 1, 22007200
lock, 1, 32526200
tournament, 2, 99009500
atomic, 2, 15543900
sync, 2, 37580100
lock, 2, 58590200
tournament, 3, 173763300
atomic, 3, 48089500
sync, 3, 54356400
lock, 3, 52830000
tournament, 4, 167953200
atomic, 4, 64395000
sync, 4, 54686700
lock, 4, 54084800
tournament, 5, 267676600
atomic, 5, 46993300
sync, 5, 51894700
lock, 5, 50542400
tournament, 6, 315043400
atomic, 6, 55868400
sync, 6, 51531100
lock, 6, 50171800
tournament, 7, 391023400
atomic, 7, 71507700
sync, 7, 53837200
lock, 7, 50715400
tournament, 8, 275935800
atomic, 8, 66806600
sync, 8, 54179500
lock, 8, 49966800
tournament, 1, 29409600
atomic, 1, 10735200
sync, 1, 29389200
lock, 1, 33134800
tournament, 2, 123462200
atomic, 2, 51956600
sync, 2, 37305100
lock, 2, 56377400
tournament, 3, 160478000
atomic, 3, 46129100
sync, 3, 47502900
lock, 3, 51351000
tournament, 4, 186433000
atomic, 4, 71986700
sync, 4, 55538600
lock, 4, 51690400
tournament, 5, 278179800
atomic, 5, 68934200
sync, 5, 50505300
lock, 5, 50915700
tournament, 6, 255072000
atomic, 6, 68760100
sync, 6, 52150400
lock, 6, 50130800
tournament, 7, 401675200
atomic, 7, 61129400
sync, 7, 51832700
lock, 7, 52683200
tournament, 8, 496734000
atomic, 8, 53290500
sync, 8, 55064900
lock, 8, 50495300
tournament, 1, 29230800
atomic, 1, 10648000
sync, 1, 17188800
lock, 1, 32576800
tournament, 2, 110441200
atomic, 2, 17295100
sync, 2, 40494000
lock, 2, 61374700
tournament, 3, 186948400
atomic, 3, 46022800
sync, 3, 47203100
lock, 3, 52353200
tournament, 4, 166818900
atomic, 4, 81471000
sync, 4, 56245100
lock, 4, 53270500
tournament, 5, 241160500
atomic, 5, 75591800
sync, 5, 53879100
lock, 5, 51252800
tournament, 6, 406920200
atomic, 6, 62961500
sync, 6, 52997200
lock, 6, 52060600
tournament, 7, 413161400
atomic, 7, 53005700
sync, 7, 51631100
lock, 7, 49987500
tournament, 8, 306114100
atomic, 8, 69470200
sync, 8, 52392000
lock, 8, 51550200
